foldername,succesed,failed,Zero_Contamination_Badly_Measured,mae top,mse top,rmse top,median top,mae bottom,mse bottom,rmse bottom,median bottom,mae height,mse height,rmse height,median height
Contamination_Only_Dataset,227,51,57,3.317180616740088,17.92511013215859,4.233805632307486,3.0,5.154185022026431,42.17621145374449,6.494321477548251,4.0,6.145374449339207,53.6784140969163,7.326555404616572,6.0
Default_Dataset,444,51,62,3.3157894736842106,17.885964912280702,4.229180170231661,3.0,5.1798245614035086,42.521929824561404,6.520884129055001,4.0,6.1535087719298245,53.723684210526315,7.3296442076356145,6.0
Uniq_Contamination_Only_Dataset,33,11,9,2.6666666666666665,11.151515151515152,3.3393884397468874,2.0,5.333333333333333,46.96969696969697,6.853444168423419,5.0,6.0606060606060606,57.878787878787875,7.6078109781189935,5.0
Uniq_Dataset,68,10,12,2.6666666666666665,11.151515151515152,3.3393884397468874,2.0,5.333333333333333,46.96969696969697,6.853444168423419,5.0,6.0606060606060606,57.878787878787875,7.6078109781189935,5.0
