foldername,succesed,failed,Zero_Contamination_Badly_Measured,mae top,mse top,rmse top,median top,mae bottom,mse bottom,rmse bottom,median bottom,mae height,mse height,rmse height,median height
Contamination_Only_Dataset,227,51,57,3.317180616740088,17.92511013215859,4.233805632307486,3.0,5.154185022026431,42.17621145374449,6.494321477548251,4.0,5.154185022026431,42.17621145374449,6.494321477548251,4.0
Default_Dataset,444,51,62,1.7027027027027026,9.184684684684685,3.030624471076,0.0,2.65990990990991,21.835585585585587,4.672856255609152,0.0,2.65990990990991,21.835585585585587,4.672856255609152,0.0
Uniq_Contamination_Only_Dataset,33,11,9,2.6666666666666665,11.151515151515152,3.3393884397468874,2.0,5.333333333333333,46.96969696969697,6.853444168423419,5.0,5.333333333333333,46.96969696969697,6.853444168423419,5.0
Uniq_Dataset,68,10,12,1.2941176470588236,5.411764705882353,2.326319992151199,0.0,2.588235294117647,22.794117647058822,4.774318553161155,0.0,2.588235294117647,22.794117647058822,4.774318553161155,0.0
